timestamp,close,high,low,open
2017-03-14 09:00:00,65.698,65.698,65.68,65.68
2017-03-14 09:00:30,65.689,65.692,65.673,65.692
2017-03-14 09:01:00,65.646,65.675,65.642,65.675
2017-03-14 09:01:30,65.678,65.678,65.648,65.665
2017-03-14 09:02:00,65.664,65.664,65.648,65.664
2017-03-14 09:02:30,65.677,65.677,65.663,65.677
2017-03-14 09:03:00,65.655,65.671,65.634,65.671
2017-03-14 09:03:30,65.671,65.671,65.633,65.642
2017-03-14 09:04:00,65.635,65.663,65.635,65.663
2017-03-14 09:04:30,65.62,65.622,65.607,65.621
2017-03-14 09:05:00,65.655,65.663,65.627,65.627
2017-03-14 09:05:30,65.674,65.674,65.654,65.662
2017-03-14 09:06:00,65.687,65.704,65.684,65.684
2017-03-14 09:06:30,65.704,65.709,65.697,65.698
2017-03-14 09:07:00,65.725,65.725,65.698,65.698
2017-03-14 09:07:30,65.733,65.736,65.722,65.73
2017-03-14 09:08:00,65.752,65.752,65.74,65.74
2017-03-14 09:08:30,65.742,65.76,65.742,65.751
2017-03-14 09:09:00,65.76,65.76,65.741,65.741
2017-03-14 09:09:30,65.746,65.754,65.746,65.754
2017-03-14 09:10:00,65.756,65.768,65.755,65.755
2017-03-14 09:10:30,65.747,65.766,65.747,65.762
2017-03-14 09:11:00,65.732,65.749,65.732,65.749
2017-03-14 09:11:30,65.702,65.725,65.702,65.725
2017-03-14 09:12:00,65.706,65.706,65.693,65.7
2017-03-14 09:12:30,65.708,65.71,65.696,65.696
2017-03-14 09:13:00,65.706,65.714,65.693,65.712
2017-03-14 09:13:30,65.707,65.711,65.691,65.711
2017-03-14 09:14:00,65.731,65.731,65.714,65.718
2017-03-14 09:14:30,65.758,65.758,65.729,65.729
2017-03-14 09:15:00,65.742,65.748,65.742,65.748
2017-03-14 09:15:30,65.76,65.769,65.752,65.752
2017-03-14 09:16:00,65.762,65.764,65.755,65.764
2017-03-14 09:16:30,65.77,65.77,65.754,65.77
2017-03-14 09:17:00,65.761,65.783,65.761,65.783
2017-03-14 09:17:30,65.778,65.778,65.757,65.757
2017-03-14 09:18:00,65.753,65.77,65.753,65.77
2017-03-14 09:18:30,65.737,65.743,65.728,65.743
2017-03-14 09:19:00,65.751,65.751,65.735,65.75
2017-03-14 09:19:30,65.75,65.768,65.75,65.758
2017-03-14 09:20:00,65.743,65.76,65.743,65.751
2017-03-14 09:20:30,65.744,65.749,65.737,65.737
2017-03-14 09:21:00,65.745,65.748,65.73,65.748
2017-03-14 09:21:30,65.778,65.778,65.744,65.744
2017-03-14 09:22:00,65.801,65.801,65.779,65.785
2017-03-14 09:22:30,65.802,65.816,65.801,65.804
2017-03-14 09:23:00,65.799,65.799,65.78,65.79
2017-03-14 09:23:30,65.772,65.798,65.772,65.797
2017-03-14 09:24:00,65.749,65.774,65.749,65.761
2017-03-14 09:24:30,65.717,65.744,65.717,65.744
2017-03-14 09:25:00,65.711,65.715,65.699,65.715
2017-03-14 09:25:30,65.721,65.721,65.707,65.707
2017-03-14 09:26:00,65.746,65.746,65.719,65.719
2017-03-14 09:26:30,65.766,65.766,65.737,65.743
2017-03-14 09:27:00,65.782,65.782,65.771,65.771
2017-03-14 09:27:30,65.8,65.8,65.77,65.77
2017-03-14 09:28:00,65.79,65.802,65.79,65.801
2017-03-14 09:28:30,65.774,65.798,65.774,65.795
2017-03-14 09:29:00,65.788,65.788,65.771,65.785
2017-03-14 09:29:30,65.796,65.797,65.782,65.782
2017-03-14 09:30:00,65.765,65.783,65.765,65.783
2017-03-14 09:30:30,65.769,65.774,65.762,65.769
2017-03-14 09:31:00,65.764,65.775,65.752,65.775
2017-03-14 09:31:30,65.762,65.778,65.762,65.764
2017-03-14 09:32:00,65.782,65.791,65.765,65.771
2017-03-14 09:32:30,65.774,65.789,65.767,65.778
2017-03-14 09:33:00,65.811,65.816,65.787,65.787
2017-03-14 09:33:30,65.805,65.82,65.803,65.803
2017-03-14 09:34:00,65.788,65.8,65.788,65.793
2017-03-14 09:34:30,65.791,65.792,65.781,65.787
2017-03-14 09:35:00,65.794,65.798,65.791,65.795
2017-03-14 09:35:30,65.783,65.796,65.783,65.794
2017-03-14 09:36:00,65.814,65.818,65.789,65.789
2017-03-14 09:36:30,65.803,65.825,65.803,65.82
2017-03-14 09:37:00,65.835,65.835,65.812,65.812
2017-03-14 09:37:30,65.812,65.836,65.812,65.836
2017-03-14 09:38:00,65.788,65.799,65.788,65.799
2017-03-14 09:38:30,65.769,65.779,65.769,65.779
2017-03-14 09:39:00,65.722,65.762,65.722,65.762
2017-03-14 09:39:30,65.734,65.751,65.731,65.731
2017-03-14 09:40:00,65.722,65.737,65.722,65.736
2017-03-14 09:40:30,65.749,65.749,65.735,65.736
2017-03-14 09:41:00,65.752,65.764,65.736,65.736
2017-03-14 09:41:30,65.72,65.752,65.72,65.752
2017-03-14 09:42:00,65.703,65.723,65.703,65.723
2017-03-14 09:42:30,65.7,65.714,65.7,65.709
2017-03-14 09:43:00,65.706,65.721,65.704,65.704
2017-03-14 09:43:30,65.707,65.718,65.706,65.718
2017-03-14 09:44:00,65.708,65.715,65.708,65.712
2017-03-14 09:44:30,65.702,65.707,65.694,65.701
2017-03-14 09:45:00,65.719,65.719,65.705,65.705
2017-03-14 09:45:30,65.726,65.739,65.718,65.718
2017-03-14 09:46:00,65.731,65.735,65.715,65.715
2017-03-14 09:46:30,65.743,65.745,65.733,65.735
2017-03-14 09:47:00,65.728,65.74,65.726,65.732
2017-03-14 09:47:30,65.726,65.739,65.723,65.735
2017-03-14 09:48:00,65.699,65.726,65.699,65.726
2017-03-14 09:48:30,65.715,65.715,65.687,65.687
2017-03-14 09:49:00,65.706,65.725,65.706,65.725
2017-03-14 09:49:30,65.713,65.718,65.708,65.718
2017-03-14 09:50:00,65.718,65.718,65.706,65.714
2017-03-14 09:50:30,65.712,65.725,65.712,65.725
2017-03-14 09:51:00,65.715,65.726,65.715,65.722
2017-03-14 09:51:30,65.731,65.731,65.708,65.712
2017-03-14 09:52:00,65.751,65.751,65.737,65.744
2017-03-14 09:52:30,65.771,65.777,65.76,65.761
2017-03-14 09:53:00,65.784,65.784,65.763,65.776
2017-03-14 09:53:30,65.79,65.798,65.781,65.781
2017-03-14 09:54:00,65.801,65.812,65.797,65.797
2017-03-14 09:54:30,65.81,65.81,65.79,65.79
2017-03-14 09:55:00,65.795,65.797,65.792,65.797
2017-03-14 09:55:30,65.795,65.798,65.783,65.783
2017-03-14 09:56:00,65.777,65.788,65.775,65.788
2017-03-14 09:56:30,65.758,65.781,65.758,65.779
2017-03-14 09:57:00,65.752,65.76,65.751,65.757
2017-03-14 09:57:30,65.752,65.764,65.746,65.761
2017-03-14 09:58:00,65.739,65.752,65.739,65.748
2017-03-14 09:58:30,65.727,65.732,65.725,65.726
2017-03-14 09:59:00,65.709,65.713,65.702,65.713
2017-03-14 09:59:30,65.726,65.727,65.719,65.722
2017-03-14 10:00:00,65.719,65.729,65.719,65.72
2017-03-14 10:00:30,65.72,65.723,65.71,65.71
2017-03-14 10:01:00,65.697,65.709,65.693,65.706
2017-03-14 10:01:30,65.693,65.693,65.681,65.686
2017-03-14 10:02:00,65.703,65.706,65.694,65.694
2017-03-14 10:02:30,65.701,65.711,65.696,65.706
2017-03-14 10:03:00,65.715,65.715,65.692,65.692
2017-03-14 10:03:30,65.682,65.706,65.672,65.706
2017-03-14 10:04:00,65.712,65.712,65.667,65.667
2017-03-14 10:04:30,65.697,65.708,65.697,65.704
2017-03-14 10:05:00,65.717,65.719,65.704,65.704
2017-03-14 10:05:30,65.699,65.723,65.699,65.714
2017-03-14 10:06:00,65.704,65.714,65.697,65.707
2017-03-14 10:06:30,65.707,65.718,65.707,65.711
2017-03-14 10:07:00,65.711,65.716,65.703,65.716
2017-03-14 10:07:30,65.695,65.7,65.688,65.699
2017-03-14 10:08:00,65.702,65.702,65.672,65.687
2017-03-14 10:08:30,65.72,65.72,65.698,65.698
2017-03-14 10:09:00,65.729,65.729,65.719,65.724
2017-03-14 10:09:30,65.738,65.738,65.72,65.728
2017-03-14 10:10:00,65.753,65.753,65.733,65.733
2017-03-14 10:10:30,65.752,65.762,65.749,65.762
2017-03-14 10:11:00,65.758,65.759,65.741,65.741
2017-03-14 10:11:30,65.748,65.765,65.747,65.765
2017-03-14 10:12:00,65.779,65.779,65.749,65.758
2017-03-14 10:12:30,65.799,65.799,65.781,65.781
2017-03-14 10:13:00,65.802,65.807,65.796,65.807
2017-03-14 10:13:30,65.819,65.819,65.799,65.812
2017-03-14 10:14:00,65.811,65.827,65.804,65.827
2017-03-14 10:14:30,65.811,65.818,65.808,65.816
2017-03-14 10:15:00,65.801,65.81,65.801,65.807
2017-03-14 10:15:30,65.834,65.834,65.798,65.798
2017-03-14 10:16:00,65.86,65.86,65.842,65.842
2017-03-14 10:16:30,65.824,65.846,65.824,65.846
2017-03-14 10:17:00,65.817,65.827,65.814,65.814
2017-03-14 10:17:30,65.802,65.821,65.802,65.821
2017-03-14 10:18:00,65.785,65.802,65.785,65.802
2017-03-14 10:18:30,65.804,65.806,65.795,65.795
2017-03-14 10:19:00,65.793,65.811,65.793,65.811
2017-03-14 10:19:30,65.773,65.786,65.773,65.784
2017-03-14 10:20:00,65.741,65.766,65.741,65.765
2017-03-14 10:20:30,65.712,65.738,65.712,65.73
2017-03-14 10:21:00,65.709,65.724,65.709,65.711
2017-03-14 10:21:30,65.717,65.717,65.696,65.696
2017-03-14 10:22:00,65.685,65.706,65.681,65.706
2017-03-14 10:22:30,65.698,65.698,65.692,65.692
2017-03-14 10:23:00,65.691,65.691,65.675,65.685
2017-03-14 10:23:30,65.633,65.683,65.633,65.683
2017-03-14 10:24:00,65.614,65.641,65.614,65.629
2017-03-14 10:24:30,65.642,65.655,65.629,65.629
2017-03-14 10:25:00,65.584,65.621,65.576,65.621
2017-03-14 10:25:30,65.608,65.608,65.578,65.592
2017-03-14 10:26:00,65.62,65.62,65.593,65.593
2017-03-14 10:26:30,65.625,65.625,65.606,65.622
2017-03-14 10:27:00,65.654,65.658,65.627,65.627
2017-03-14 10:27:30,65.638,65.652,65.62,65.646
2017-03-14 10:28:00,65.627,65.641,65.611,65.641
2017-03-14 10:28:30,65.591,65.611,65.591,65.605
2017-03-14 10:29:00,65.584,65.601,65.571,65.571
2017-03-14 10:29:30,65.627,65.639,65.597,65.597
2017-03-14 10:30:00,65.657,65.657,65.639,65.645
2017-03-14 10:30:30,65.642,65.674,65.642,65.662
2017-03-14 10:31:00,65.645,65.651,65.63,65.648
2017-03-14 10:31:30,65.619,65.635,65.611,65.635
2017-03-14 10:32:00,65.645,65.645,65.6,65.6
2017-03-14 10:32:30,65.647,65.668,65.647,65.659
2017-03-14 10:33:00,65.643,65.643,65.629,65.629
2017-03-14 10:33:30,65.665,65.665,65.646,65.651
2017-03-14 10:34:00,65.678,65.682,65.655,65.682
2017-03-14 10:34:30,65.681,65.693,65.664,65.664
2017-03-14 10:35:00,65.678,65.682,65.667,65.675
2017-03-14 10:35:30,65.677,65.677,65.655,65.673
2017-03-14 10:36:00,65.666,65.682,65.666,65.678
2017-03-14 10:36:30,65.607,65.646,65.607,65.646
2017-03-14 10:37:00,65.578,65.615,65.578,65.59
2017-03-14 10:37:30,65.567,65.584,65.567,65.582
2017-03-14 10:38:00,65.559,65.559,65.542,65.557
2017-03-14 10:38:30,65.552,65.562,65.552,65.562
2017-03-14 10:39:00,65.572,65.572,65.546,65.55
2017-03-14 10:39:30,65.498,65.554,65.498,65.554
2017-03-14 10:40:00,65.456,65.48,65.453,65.48
2017-03-14 10:40:30,65.436,65.451,65.431,65.445
2017-03-14 10:41:00,65.477,65.477,65.452,65.452
2017-03-14 10:41:30,65.462,65.478,65.461,65.478
2017-03-14 10:42:00,65.457,65.457,65.437,65.45
2017-03-14 10:42:30,65.511,65.511,65.461,65.461
2017-03-14 10:43:00,65.513,65.513,65.485,65.51
2017-03-14 10:43:30,65.54,65.546,65.531,65.531
2017-03-14 10:44:00,65.547,65.547,65.531,65.531
2017-03-14 10:44:30,65.554,65.577,65.535,65.535
2017-03-14 10:45:00,65.543,65.543,65.518,65.536
2017-03-14 10:45:30,65.534,65.535,65.528,65.535
2017-03-14 10:46:00,65.571,65.572,65.551,65.551
2017-03-14 10:46:30,65.562,65.579,65.562,65.576
2017-03-14 10:47:00,65.621,65.625,65.576,65.576
2017-03-14 10:47:30,65.591,65.619,65.591,65.614
2017-03-14 10:48:00,65.615,65.615,65.597,65.597
2017-03-14 10:48:30,65.66,65.668,65.635,65.635
2017-03-14 10:49:00,65.676,65.676,65.649,65.653
2017-03-14 10:49:30,65.688,65.691,65.686,65.687
2017-03-14 10:50:00,65.672,65.678,65.666,65.674
2017-03-14 10:50:30,65.699,65.707,65.676,65.676
2017-03-14 10:51:00,65.667,65.697,65.665,65.697
2017-03-14 10:51:30,65.658,65.672,65.658,65.668
2017-03-14 10:52:00,65.648,65.665,65.644,65.644
2017-03-14 10:52:30,65.623,65.639,65.616,65.638
2017-03-14 10:53:00,65.599,65.629,65.599,65.629
2017-03-14 10:53:30,65.623,65.623,65.594,65.594
2017-03-14 10:54:00,65.637,65.637,65.611,65.629
2017-03-14 10:54:30,65.618,65.647,65.606,65.647
2017-03-14 10:55:00,65.626,65.643,65.614,65.631
2017-03-14 10:55:30,65.616,65.648,65.616,65.63
2017-03-14 10:56:00,65.629,65.65,65.629,65.633
2017-03-14 10:56:30,65.612,65.641,65.598,65.641
2017-03-14 10:57:00,65.613,65.635,65.612,65.612
2017-03-14 10:57:30,65.621,65.627,65.606,65.606
2017-03-14 10:58:00,65.632,65.659,65.632,65.642
2017-03-14 10:58:30,65.617,65.642,65.598,65.642
2017-03-14 10:59:00,65.601,65.601,65.584,65.595
2017-03-14 10:59:30,65.578,65.586,65.548,65.586
2017-03-14 11:00:00,65.598,65.606,65.588,65.588
2017-03-14 11:00:30,65.62,65.62,65.576,65.576
2017-03-14 11:01:00,65.622,65.626,65.602,65.626
2017-03-14 11:01:30,65.664,65.664,65.622,65.631
2017-03-14 11:02:00,65.668,65.668,65.644,65.657
2017-03-14 11:02:30,65.69,65.69,65.678,65.682
2017-03-14 11:03:00,65.684,65.696,65.684,65.685
2017-03-14 11:03:30,65.674,65.687,65.659,65.687
2017-03-14 11:04:00,65.709,65.709,65.671,65.671
2017-03-14 11:04:30,65.715,65.715,65.703,65.708
2017-03-14 11:05:00,65.714,65.736,65.714,65.724
2017-03-14 11:05:30,65.731,65.731,65.721,65.721
2017-03-14 11:06:00,65.709,65.735,65.709,65.735
2017-03-14 11:06:30,65.705,65.705,65.699,65.703
2017-03-14 11:07:00,65.679,65.699,65.679,65.691
2017-03-14 11:07:30,65.671,65.68,65.663,65.68
2017-03-14 11:08:00,65.665,65.67,65.648,65.659
2017-03-14 11:08:30,65.65,65.651,65.645,65.649
2017-03-14 11:09:00,65.661,65.668,65.657,65.663
2017-03-14 11:09:30,65.686,65.693,65.66,65.66
2017-03-14 11:10:00,65.67,65.674,65.659,65.674
2017-03-14 11:10:30,65.654,65.678,65.654,65.678
2017-03-14 11:11:00,65.669,65.674,65.669,65.673
2017-03-14 11:11:30,65.706,65.706,65.682,65.682
2017-03-14 11:12:00,65.716,65.716,65.706,65.711
2017-03-14 11:12:30,65.717,65.717,65.704,65.716
2017-03-14 11:13:00,65.694,65.704,65.681,65.704
2017-03-14 11:13:30,65.673,65.689,65.673,65.689
2017-03-14 11:14:00,65.68,65.68,65.643,65.673
2017-03-14 11:14:30,65.676,65.692,65.676,65.685
2017-03-14 11:15:00,65.681,65.685,65.663,65.663
2017-03-14 11:15:30,65.683,65.695,65.677,65.677
2017-03-14 11:16:00,65.666,65.701,65.666,65.693
2017-03-14 11:16:30,65.703,65.703,65.682,65.682
2017-03-14 11:17:00,65.748,65.748,65.711,65.711
2017-03-14 11:17:30,65.725,65.752,65.725,65.752
2017-03-14 11:18:00,65.731,65.731,65.716,65.726
2017-03-14 11:18:30,65.722,65.724,65.709,65.724
2017-03-14 11:19:00,65.71,65.73,65.707,65.73
2017-03-14 11:19:30,65.697,65.71,65.697,65.705
2017-03-14 11:20:00,65.698,65.721,65.698,65.698
2017-03-14 11:20:30,65.678,65.698,65.678,65.698
2017-03-14 11:21:00,65.687,65.687,65.663,65.663
2017-03-14 11:21:30,65.679,65.694,65.672,65.694
2017-03-14 11:22:00,65.682,65.682,65.655,65.661
2017-03-14 11:22:30,65.672,65.7,65.672,65.694
2017-03-14 11:23:00,65.651,65.673,65.651,65.664
2017-03-14 11:23:30,65.661,65.661,65.634,65.653
2017-03-14 11:24:00,65.662,65.662,65.636,65.656
2017-03-14 11:24:30,65.625,65.665,65.62,65.665
2017-03-14 11:25:00,65.637,65.637,65.606,65.618
2017-03-14 11:25:30,65.598,65.644,65.598,65.64
2017-03-14 11:26:00,65.599,65.599,65.583,65.599
2017-03-14 11:26:30,65.558,65.595,65.547,65.595
2017-03-14 11:27:00,65.543,65.568,65.543,65.563
2017-03-14 11:27:30,65.511,65.545,65.511,65.545
2017-03-14 11:28:00,65.528,65.528,65.503,65.527
2017-03-14 11:28:30,65.555,65.565,65.544,65.544
2017-03-14 11:29:00,65.573,65.573,65.55,65.554
2017-03-14 11:29:30,65.576,65.583,65.555,65.56
2017-03-14 11:30:00,65.497,65.557,65.497,65.557
2017-03-14 11:30:30,65.463,65.506,65.463,65.49
2017-03-14 11:31:00,65.443,65.476,65.443,65.445
2017-03-14 11:31:30,65.415,65.46,65.415,65.46
2017-03-14 11:32:00,65.43,65.433,65.412,65.412
2017-03-14 11:32:30,65.423,65.446,65.415,65.446
2017-03-14 11:33:00,65.416,65.419,65.408,65.408
2017-03-14 11:33:30,65.409,65.423,65.405,65.409
2017-03-14 11:34:00,65.392,65.418,65.386,65.418
2017-03-14 11:34:30,65.416,65.425,65.394,65.394
2017-03-14 11:35:00,65.439,65.439,65.408,65.432
2017-03-14 11:35:30,65.409,65.439,65.409,65.439
2017-03-14 11:36:00,65.428,65.428,65.38,65.398
2017-03-14 11:36:30,65.437,65.457,65.437,65.448
2017-03-14 11:37:00,65.42,65.455,65.42,65.455
2017-03-14 11:37:30,65.478,65.478,65.423,65.436
2017-03-14 11:38:00,65.514,65.514,65.472,65.472
2017-03-14 11:38:30,65.497,65.523,65.497,65.523
2017-03-14 11:39:00,65.49,65.493,65.471,65.493
2017-03-14 11:39:30,65.478,65.497,65.462,65.48
2017-03-14 11:40:00,65.505,65.505,65.493,65.494
2017-03-14 11:40:30,65.533,65.533,65.508,65.508
2017-03-14 11:41:00,65.537,65.548,65.532,65.548
2017-03-14 11:41:30,65.547,65.552,65.547,65.548
2017-03-14 11:42:00,65.584,65.584,65.537,65.54
2017-03-14 11:42:30,65.609,65.613,65.581,65.589
2017-03-14 11:43:00,65.676,65.676,65.62,65.62
2017-03-14 11:43:30,65.655,65.685,65.655,65.675
2017-03-14 11:44:00,65.694,65.694,65.675,65.675
2017-03-14 11:44:30,65.682,65.698,65.682,65.698
2017-03-14 11:45:00,65.665,65.665,65.646,65.665
2017-03-14 11:45:30,65.698,65.7,65.682,65.682
2017-03-14 11:46:00,65.716,65.716,65.702,65.707
2017-03-14 11:46:30,65.746,65.746,65.725,65.725
2017-03-14 11:47:00,65.754,65.764,65.754,65.756
2017-03-14 11:47:30,65.735,65.759,65.735,65.75
2017-03-14 11:48:00,65.734,65.736,65.724,65.733
2017-03-14 11:48:30,65.723,65.727,65.716,65.726
2017-03-14 11:49:00,65.709,65.729,65.709,65.729
2017-03-14 11:49:30,65.756,65.756,65.715,65.715
2017-03-14 11:50:00,65.722,65.752,65.722,65.751
2017-03-14 11:50:30,65.7,65.718,65.689,65.718
2017-03-14 11:51:00,65.698,65.703,65.693,65.693
2017-03-14 11:51:30,65.673,65.688,65.665,65.688
2017-03-14 11:52:00,65.644,65.674,65.644,65.663
2017-03-14 11:52:30,65.631,65.653,65.631,65.641
2017-03-14 11:53:00,65.606,65.625,65.589,65.618
2017-03-14 11:53:30,65.575,65.598,65.575,65.595
2017-03-14 11:54:00,65.619,65.635,65.594,65.594
2017-03-14 11:54:30,65.602,65.61,65.6,65.61
2017-03-14 11:55:00,65.587,65.592,65.57,65.592
2017-03-14 11:55:30,65.621,65.621,65.587,65.587
2017-03-14 11:56:00,65.605,65.625,65.605,65.614
2017-03-14 11:56:30,65.592,65.624,65.591,65.591
2017-03-14 11:57:00,65.629,65.64,65.602,65.602
2017-03-14 11:57:30,65.627,65.64,65.62,65.64
2017-03-14 11:58:00,65.572,65.61,65.572,65.606
2017-03-14 11:58:30,65.569,65.569,65.539,65.552
2017-03-14 11:59:00,65.574,65.578,65.548,65.548
2017-03-14 11:59:30,65.571,65.591,65.571,65.585
2017-03-14 12:00:00,65.567,65.583,65.558,65.558
2017-03-14 12:00:30,65.587,65.587,65.57,65.582
2017-03-14 12:01:00,65.58,65.6,65.58,65.588
2017-03-14 12:01:30,65.614,65.614,65.6,65.602
2017-03-14 12:02:00,65.644,65.644,65.597,65.597
2017-03-14 12:02:30,65.644,65.66,65.635,65.635
2017-03-14 12:03:00,65.686,65.686,65.657,65.657
2017-03-14 12:03:30,65.677,65.696,65.677,65.696
2017-03-14 12:04:00,65.695,65.706,65.686,65.686
2017-03-14 12:04:30,65.663,65.701,65.663,65.701
2017-03-14 12:05:00,65.612,65.649,65.612,65.649
2017-03-14 12:05:30,65.631,65.631,65.592,65.592
2017-03-14 12:06:00,65.628,65.638,65.615,65.638
2017-03-14 12:06:30,65.632,65.646,65.628,65.644
2017-03-14 12:07:00,65.636,65.643,65.615,65.615
2017-03-14 12:07:30,65.679,65.679,65.651,65.651
2017-03-14 12:08:00,65.655,65.67,65.653,65.67
2017-03-14 12:08:30,65.702,65.702,65.666,65.666
2017-03-14 12:09:00,65.7,65.706,65.689,65.695
2017-03-14 12:09:30,65.692,65.694,65.678,65.694
2017-03-14 12:10:00,65.683,65.685,65.677,65.685
2017-03-14 12:10:30,65.691,65.691,65.677,65.677
2017-03-14 12:11:00,65.651,65.685,65.648,65.685
2017-03-14 12:11:30,65.638,65.642,65.617,65.642
2017-03-14 12:12:00,65.599,65.631,65.599,65.631
2017-03-14 12:12:30,65.614,65.624,65.59,65.59
2017-03-14 12:13:00,65.647,65.655,65.626,65.626
2017-03-14 12:13:30,65.591,65.627,65.591,65.627
2017-03-14 12:14:00,65.574,65.591,65.571,65.572
2017-03-14 12:14:30,65.584,65.584,65.554,65.575
2017-03-14 12:15:00,65.583,65.583,65.549,65.568
2017-03-14 12:15:30,65.588,65.592,65.567,65.592
2017-03-14 12:16:00,65.605,65.612,65.576,65.576
2017-03-14 12:16:30,65.614,65.621,65.614,65.618
2017-03-14 12:17:00,65.628,65.634,65.62,65.633
2017-03-14 12:17:30,65.62,65.636,65.599,65.636
2017-03-14 12:18:00,65.632,65.635,65.618,65.632
2017-03-14 12:18:30,65.64,65.641,65.619,65.634
2017-03-14 12:19:00,65.666,65.671,65.642,65.642
2017-03-14 12:19:30,65.631,65.676,65.631,65.676
2017-03-14 12:20:00,65.633,65.645,65.617,65.645
2017-03-14 12:20:30,65.601,65.618,65.585,65.618
2017-03-14 12:21:00,65.63,65.63,65.594,65.612
2017-03-14 12:21:30,65.644,65.645,65.633,65.642
2017-03-14 12:22:00,65.684,65.684,65.662,65.662
2017-03-14 12:22:30,65.655,65.689,65.655,65.677
2017-03-14 12:23:00,65.67,65.67,65.64,65.649
2017-03-14 12:23:30,65.66,65.675,65.65,65.664
2017-03-14 12:24:00,65.668,65.668,65.637,65.643
2017-03-14 12:24:30,65.639,65.667,65.638,65.667
2017-03-14 12:25:00,65.563,65.628,65.563,65.628
2017-03-14 12:25:30,65.534,65.542,65.516,65.542
2017-03-14 12:26:00,65.575,65.575,65.535,65.542
2017-03-14 12:26:30,65.602,65.61,65.571,65.571
2017-03-14 12:27:00,65.642,65.642,65.581,65.581
2017-03-14 12:27:30,65.667,65.683,65.634,65.634
2017-03-14 12:28:00,65.674,65.686,65.658,65.658
2017-03-14 12:28:30,65.697,65.697,65.68,65.68
2017-03-14 12:29:00,65.689,65.689,65.661,65.685
2017-03-14 12:29:30,65.696,65.696,65.667,65.677
2017-03-14 12:30:00,65.681,65.684,65.658,65.684
2017-03-14 12:30:30,65.681,65.686,65.671,65.681
2017-03-14 12:31:00,65.693,65.706,65.691,65.691
2017-03-14 12:31:30,65.672,65.692,65.672,65.692
2017-03-14 12:32:00,65.691,65.694,65.681,65.681
2017-03-14 12:32:30,65.702,65.705,65.685,65.685
2017-03-14 12:33:00,65.658,65.692,65.653,65.692
2017-03-14 12:33:30,65.642,65.642,65.622,65.64
2017-03-14 12:34:00,65.604,65.628,65.591,65.628
2017-03-14 12:34:30,65.629,65.629,65.607,65.61
2017-03-14 12:35:00,65.595,65.632,65.595,65.618
2017-03-14 12:35:30,65.574,65.584,65.568,65.578
2017-03-14 12:36:00,65.559,65.572,65.559,65.57
2017-03-14 12:36:30,65.566,65.577,65.557,65.565
2017-03-14 12:37:00,65.56,65.594,65.557,65.582
2017-03-14 12:37:30,65.566,65.571,65.552,65.553
2017-03-14 12:38:00,65.575,65.575,65.542,65.554
2017-03-14 12:38:30,65.606,65.606,65.584,65.584
2017-03-14 12:39:00,65.641,65.648,65.611,65.611
2017-03-14 12:39:30,65.628,65.652,65.628,65.629
2017-03-14 12:40:00,65.569,65.608,65.569,65.608
2017-03-14 12:40:30,65.571,65.581,65.553,65.561
2017-03-14 12:41:00,65.548,65.565,65.545,65.556
2017-03-14 12:41:30,65.539,65.567,65.539,65.567
2017-03-14 12:42:00,65.529,65.558,65.529,65.558
2017-03-14 12:42:30,65.533,65.556,65.533,65.538
2017-03-14 12:43:00,65.549,65.549,65.533,65.547
2017-03-14 12:43:30,65.548,65.561,65.533,65.561
2017-03-14 12:44:00,65.536,65.562,65.536,65.555
2017-03-14 12:44:30,65.535,65.564,65.534,65.534
2017-03-14 12:45:00,65.516,65.545,65.514,65.545
2017-03-14 12:45:30,65.525,65.543,65.525,65.53
2017-03-14 12:46:00,65.517,65.532,65.517,65.523
2017-03-14 12:46:30,65.508,65.509,65.499,65.506
2017-03-14 12:47:00,65.498,65.525,65.492,65.492
2017-03-14 12:47:30,65.509,65.526,65.503,65.503
2017-03-14 12:48:00,65.5,65.508,65.487,65.487
2017-03-14 12:48:30,65.51,65.51,65.488,65.495
2017-03-14 12:49:00,65.437,65.495,65.437,65.495
2017-03-14 12:49:30,65.427,65.437,65.418,65.431
2017-03-14 12:50:00,65.421,65.432,65.412,65.412
2017-03-14 12:50:30,65.392,65.405,65.39,65.405
2017-03-14 12:51:00,65.393,65.393,65.374,65.383
2017-03-14 12:51:30,65.412,65.412,65.388,65.393
2017-03-14 12:52:00,65.366,65.406,65.366,65.406
2017-03-14 12:52:30,65.327,65.346,65.326,65.346
2017-03-14 12:53:00,65.337,65.337,65.31,65.328
2017-03-14 12:53:30,65.357,65.37,65.332,65.332
2017-03-14 12:54:00,65.361,65.361,65.342,65.342
2017-03-14 12:54:30,65.392,65.392,65.357,65.374
2017-03-14 12:55:00,65.337,65.379,65.337,65.377
2017-03-14 12:55:30,65.375,65.375,65.341,65.341
2017-03-14 12:56:00,65.402,65.402,65.372,65.381
2017-03-14 12:56:30,65.449,65.449,65.406,65.41
2017-03-14 12:57:00,65.449,65.449,65.42,65.434
2017-03-14 12:57:30,65.449,65.481,65.449,65.466
2017-03-14 12:58:00,65.445,65.447,65.425,65.444
2017-03-14 12:58:30,65.441,65.449,65.426,65.432
2017-03-14 12:59:00,65.474,65.482,65.456,65.459
2017-03-14 12:59:30,65.503,65.503,65.484,65.484
2017-03-14 13:00:00,65.56,65.56,65.512,65.52
2017-03-14 13:00:30,65.538,65.573,65.538,65.573
2017-03-14 13:01:00,65.552,65.567,65.546,65.546
2017-03-14 13:01:30,65.528,65.553,65.528,65.549
2017-03-14 13:02:00,65.578,65.578,65.528,65.54
2017-03-14 13:02:30,65.599,65.599,65.586,65.586
2017-03-14 13:03:00,65.638,65.638,65.6,65.619
2017-03-14 13:03:30,65.657,65.657,65.616,65.635
2017-03-14 13:04:00,65.619,65.639,65.619,65.639
2017-03-14 13:04:30,65.629,65.637,65.607,65.637
2017-03-14 13:05:00,65.553,65.616,65.553,65.616
2017-03-14 13:05:30,65.579,65.58,65.551,65.56
2017-03-14 13:06:00,65.561,65.577,65.545,65.561
2017-03-14 13:06:30,65.556,65.572,65.554,65.565
2017-03-14 13:07:00,65.559,65.559,65.53,65.55
2017-03-14 13:07:30,65.595,65.595,65.54,65.55
2017-03-14 13:08:00,65.608,65.612,65.591,65.591
2017-03-14 13:08:30,65.634,65.665,65.623,65.623
2017-03-14 13:09:00,65.668,65.668,65.643,65.654
2017-03-14 13:09:30,65.673,65.673,65.647,65.655
2017-03-14 13:10:00,65.698,65.698,65.664,65.664
2017-03-14 13:10:30,65.716,65.72,65.701,65.701
2017-03-14 13:11:00,65.699,65.721,65.699,65.709
2017-03-14 13:11:30,65.703,65.71,65.691,65.691
2017-03-14 13:12:00,65.692,65.711,65.692,65.702
2017-03-14 13:12:30,65.681,65.69,65.677,65.69
2017-03-14 13:13:00,65.684,65.692,65.678,65.678
2017-03-14 13:13:30,65.687,65.696,65.684,65.684
2017-03-14 13:14:00,65.707,65.707,65.691,65.691
2017-03-14 13:14:30,65.731,65.731,65.705,65.716
2017-03-14 13:15:00,65.725,65.731,65.721,65.731
2017-03-14 13:15:30,65.732,65.738,65.722,65.726
2017-03-14 13:16:00,65.718,65.743,65.718,65.743
2017-03-14 13:16:30,65.697,65.714,65.692,65.714
2017-03-14 13:17:00,65.717,65.717,65.702,65.708
2017-03-14 13:17:30,65.722,65.739,65.722,65.728
2017-03-14 13:18:00,65.708,65.733,65.708,65.733
2017-03-14 13:18:30,65.697,65.718,65.697,65.705
2017-03-14 13:19:00,65.72,65.72,65.687,65.687
2017-03-14 13:19:30,65.714,65.725,65.714,65.725
2017-03-14 13:20:00,65.724,65.735,65.724,65.724
2017-03-14 13:20:30,65.718,65.733,65.718,65.73
2017-03-14 13:21:00,65.703,65.712,65.703,65.706
2017-03-14 13:21:30,65.696,65.708,65.695,65.695
2017-03-14 13:22:00,65.711,65.725,65.708,65.708
2017-03-14 13:22:30,65.716,65.716,65.69,65.7
2017-03-14 13:23:00,65.701,65.712,65.694,65.712
2017-03-14 13:23:30,65.699,65.7,65.687,65.7
2017-03-14 13:24:00,65.719,65.719,65.699,65.699
2017-03-14 13:24:30,65.733,65.733,65.72,65.732
2017-03-14 13:25:00,65.754,65.755,65.734,65.735
2017-03-14 13:25:30,65.761,65.769,65.744,65.744
2017-03-14 13:26:00,65.755,65.768,65.755,65.76
2017-03-14 13:26:30,65.741,65.75,65.737,65.745
2017-03-14 13:27:00,65.724,65.739,65.724,65.728
2017-03-14 13:27:30,65.739,65.739,65.724,65.726
2017-03-14 13:28:00,65.729,65.743,65.729,65.73
2017-03-14 13:28:30,65.743,65.751,65.724,65.724
2017-03-14 13:29:00,65.737,65.752,65.737,65.751
2017-03-14 13:29:30,65.744,65.755,65.738,65.738
2017-03-14 13:30:00,65.752,65.752,65.734,65.741
2017-03-14 13:30:30,65.717,65.744,65.717,65.744
2017-03-14 13:31:00,65.733,65.733,65.719,65.729
2017-03-14 13:31:30,65.714,65.732,65.714,65.732
2017-03-14 13:32:00,65.709,65.715,65.704,65.709
2017-03-14 13:32:30,65.723,65.723,65.707,65.707
2017-03-14 13:33:00,65.742,65.748,65.725,65.725
2017-03-14 13:33:30,65.746,65.748,65.728,65.748
2017-03-14 13:34:00,65.718,65.75,65.718,65.742
2017-03-14 13:34:30,65.718,65.728,65.711,65.728
2017-03-14 13:35:00,65.745,65.752,65.729,65.729
2017-03-14 13:35:30,65.74,65.747,65.732,65.732
2017-03-14 13:36:00,65.733,65.756,65.733,65.752
2017-03-14 13:36:30,65.708,65.732,65.708,65.732
2017-03-14 13:37:00,65.723,65.723,65.698,65.699
2017-03-14 13:37:30,65.7,65.725,65.7,65.725
2017-03-14 13:38:00,65.691,65.7,65.691,65.7
2017-03-14 13:38:30,65.702,65.702,65.688,65.69
2017-03-14 13:39:00,65.695,65.702,65.691,65.691
2017-03-14 13:39:30,65.702,65.705,65.696,65.7
2017-03-14 13:40:00,65.706,65.717,65.706,65.709
2017-03-14 13:40:30,65.704,65.712,65.704,65.711
2017-03-14 13:41:00,65.702,65.702,65.687,65.692
2017-03-14 13:41:30,65.719,65.73,65.713,65.713
2017-03-14 13:42:00,65.73,65.743,65.711,65.711
2017-03-14 13:42:30,65.734,65.734,65.716,65.719
2017-03-14 13:43:00,65.756,65.756,65.723,65.723
2017-03-14 13:43:30,65.771,65.771,65.748,65.753
2017-03-14 13:44:00,65.775,65.796,65.775,65.779
2017-03-14 13:44:30,65.779,65.787,65.77,65.77
2017-03-14 13:45:00,65.804,65.81,65.789,65.789
2017-03-14 13:45:30,65.809,65.809,65.796,65.803
2017-03-14 13:46:00,65.8,65.813,65.8,65.813
2017-03-14 13:46:30,65.787,65.793,65.777,65.789
2017-03-14 13:47:00,65.787,65.787,65.777,65.784
2017-03-14 13:47:30,65.777,65.786,65.774,65.785
2017-03-14 13:48:00,65.774,65.777,65.761,65.765
2017-03-14 13:48:30,65.76,65.77,65.76,65.761
2017-03-14 13:49:00,65.768,65.774,65.765,65.772
2017-03-14 13:49:30,65.759,65.772,65.759,65.77
2017-03-14 13:50:00,65.766,65.785,65.766,65.772
2017-03-14 13:50:30,65.792,65.792,65.765,65.77
2017-03-14 13:51:00,65.784,65.793,65.771,65.793
2017-03-14 13:51:30,65.813,65.813,65.787,65.787
2017-03-14 13:52:00,65.833,65.833,65.818,65.818
2017-03-14 13:52:30,65.835,65.856,65.835,65.846
2017-03-14 13:53:00,65.842,65.842,65.826,65.826
2017-03-14 13:53:30,65.837,65.854,65.834,65.851
2017-03-14 13:54:00,65.827,65.831,65.823,65.828
2017-03-14 13:54:30,65.818,65.818,65.809,65.816
2017-03-14 13:55:00,65.822,65.833,65.822,65.826
2017-03-14 13:55:30,65.831,65.831,65.817,65.82
2017-03-14 13:56:00,65.826,65.842,65.826,65.842
2017-03-14 13:56:30,65.808,65.814,65.799,65.814
2017-03-14 13:57:00,65.823,65.823,65.803,65.806
2017-03-14 13:57:30,65.775,65.812,65.775,65.812
2017-03-14 13:58:00,65.793,65.793,65.779,65.782
2017-03-14 13:58:30,65.808,65.809,65.794,65.799
2017-03-14 13:59:00,65.789,65.821,65.789,65.821
2017-03-14 13:59:30,65.766,65.779,65.766,65.779
2017-03-14 14:00:00,65.743,65.779,65.743,65.779
2017-03-14 14:00:30,65.739,65.758,65.738,65.738
2017-03-14 14:01:00,65.722,65.737,65.722,65.726
2017-03-14 14:01:30,65.729,65.729,65.708,65.714
2017-03-14 14:02:00,65.716,65.726,65.716,65.721
2017-03-14 14:02:30,65.723,65.727,65.723,65.723
2017-03-14 14:03:00,65.724,65.725,65.712,65.713
2017-03-14 14:03:30,65.692,65.717,65.692,65.717
2017-03-14 14:04:00,65.702,65.702,65.692,65.695
2017-03-14 14:04:30,65.721,65.721,65.697,65.697
2017-03-14 14:05:00,65.736,65.738,65.724,65.73
2017-03-14 14:05:30,65.747,65.748,65.729,65.748
2017-03-14 14:06:00,65.758,65.761,65.737,65.737
2017-03-14 14:06:30,65.764,65.77,65.754,65.764
2017-03-14 14:07:00,65.771,65.778,65.756,65.756
2017-03-14 14:07:30,65.77,65.771,65.765,65.767
2017-03-14 14:08:00,65.753,65.772,65.753,65.772
2017-03-14 14:08:30,65.76,65.773,65.76,65.76
2017-03-14 14:09:00,65.745,65.76,65.742,65.76
2017-03-14 14:09:30,65.741,65.752,65.741,65.752
2017-03-14 14:10:00,65.762,65.762,65.736,65.736
2017-03-14 14:10:30,65.77,65.78,65.765,65.765
2017-03-14 14:11:00,65.782,65.794,65.777,65.777
2017-03-14 14:11:30,65.771,65.771,65.766,65.77
2017-03-14 14:12:00,65.761,65.782,65.761,65.779
2017-03-14 14:12:30,65.797,65.797,65.773,65.773
2017-03-14 14:13:00,65.81,65.81,65.789,65.8
2017-03-14 14:13:30,65.807,65.807,65.791,65.797
2017-03-14 14:14:00,65.814,65.817,65.803,65.805
2017-03-14 14:14:30,65.833,65.833,65.809,65.826
2017-03-14 14:15:00,65.833,65.833,65.813,65.821
2017-03-14 14:15:30,65.833,65.844,65.826,65.826
2017-03-14 14:16:00,65.864,65.87,65.844,65.844
2017-03-14 14:16:30,65.851,65.858,65.847,65.856
2017-03-14 14:17:00,65.841,65.854,65.838,65.847
2017-03-14 14:17:30,65.856,65.868,65.852,65.852
2017-03-14 14:18:00,65.858,65.858,65.845,65.845
2017-03-14 14:18:30,65.845,65.857,65.84,65.857
2017-03-14 14:19:00,65.84,65.851,65.839,65.839
2017-03-14 14:19:30,65.837,65.842,65.829,65.839
2017-03-14 14:20:00,65.827,65.851,65.827,65.851
2017-03-14 14:20:30,65.833,65.833,65.815,65.822
2017-03-14 14:21:00,65.815,65.832,65.815,65.832
2017-03-14 14:21:30,65.837,65.837,65.807,65.81
2017-03-14 14:22:00,65.855,65.861,65.844,65.844
2017-03-14 14:22:30,65.89,65.89,65.856,65.866
2017-03-14 14:23:00,65.869,65.9,65.869,65.9
2017-03-14 14:23:30,65.849,65.869,65.849,65.869
2017-03-14 14:24:00,65.883,65.883,65.858,65.86
2017-03-14 14:24:30,65.893,65.893,65.877,65.888
2017-03-14 14:25:00,65.867,65.88,65.861,65.88
2017-03-14 14:25:30,65.837,65.874,65.837,65.874
2017-03-14 14:26:00,65.85,65.85,65.828,65.828
2017-03-14 14:26:30,65.828,65.838,65.825,65.838
2017-03-14 14:27:00,65.828,65.835,65.825,65.835
2017-03-14 14:27:30,65.83,65.839,65.821,65.823
2017-03-14 14:28:00,65.851,65.851,65.83,65.83
2017-03-14 14:28:30,65.838,65.862,65.838,65.852
2017-03-14 14:29:00,65.818,65.828,65.818,65.827
2017-03-14 14:29:30,65.838,65.842,65.831,65.831
2017-03-14 14:30:00,65.831,65.831,65.819,65.827
2017-03-14 14:30:30,65.833,65.85,65.832,65.841
2017-03-14 14:31:00,65.848,65.848,65.836,65.836
2017-03-14 14:31:30,65.84,65.846,65.837,65.846
2017-03-14 14:32:00,65.821,65.833,65.821,65.831
2017-03-14 14:32:30,65.828,65.841,65.828,65.83
2017-03-14 14:33:00,65.815,65.822,65.813,65.818
2017-03-14 14:33:30,65.807,65.815,65.804,65.815
2017-03-14 14:34:00,65.802,65.804,65.79,65.804
2017-03-14 14:34:30,65.813,65.813,65.796,65.796
2017-03-14 14:35:00,65.785,65.808,65.785,65.808
2017-03-14 14:35:30,65.785,65.799,65.785,65.792
2017-03-14 14:36:00,65.764,65.787,65.764,65.778
2017-03-14 14:36:30,65.758,65.766,65.757,65.766
2017-03-14 14:37:00,65.739,65.758,65.739,65.758
2017-03-14 14:37:30,65.748,65.754,65.739,65.739
2017-03-14 14:38:00,65.75,65.77,65.75,65.761
2017-03-14 14:38:30,65.767,65.775,65.758,65.759
2017-03-14 14:39:00,65.754,65.764,65.745,65.764
2017-03-14 14:39:30,65.737,65.75,65.737,65.748
2017-03-14 14:40:00,65.737,65.756,65.737,65.747
2017-03-14 14:40:30,65.743,65.756,65.738,65.738
2017-03-14 14:41:00,65.738,65.754,65.738,65.754
2017-03-14 14:41:30,65.751,65.751,65.731,65.739
2017-03-14 14:42:00,65.751,65.753,65.741,65.741
2017-03-14 14:42:30,65.739,65.751,65.739,65.75
2017-03-14 14:43:00,65.721,65.728,65.715,65.726
2017-03-14 14:43:30,65.699,65.717,65.699,65.711
2017-03-14 14:44:00,65.679,65.69,65.679,65.686
2017-03-14 14:44:30,65.681,65.69,65.678,65.68
2017-03-14 14:45:00,65.666,65.689,65.666,65.689
2017-03-14 14:45:30,65.636,65.653,65.636,65.653
2017-03-14 14:46:00,65.635,65.641,65.625,65.625
2017-03-14 14:46:30,65.654,65.674,65.654,65.654
2017-03-14 14:47:00,65.663,65.663,65.637,65.644
2017-03-14 14:47:30,65.657,65.657,65.632,65.652
2017-03-14 14:48:00,65.688,65.688,65.653,65.667
2017-03-14 14:48:30,65.702,65.706,65.699,65.7
2017-03-14 14:49:00,65.697,65.714,65.697,65.698
2017-03-14 14:49:30,65.693,65.709,65.686,65.709
2017-03-14 14:50:00,65.635,65.683,65.635,65.683
2017-03-14 14:50:30,65.658,65.664,65.644,65.644
2017-03-14 14:51:00,65.684,65.684,65.675,65.675
2017-03-14 14:51:30,65.698,65.698,65.689,65.692
2017-03-14 14:52:00,65.667,65.698,65.667,65.698
2017-03-14 14:52:30,65.602,65.659,65.602,65.659
2017-03-14 14:53:00,65.635,65.645,65.608,65.608
2017-03-14 14:53:30,65.689,65.689,65.644,65.644
2017-03-14 14:54:00,65.695,65.702,65.693,65.702
2017-03-14 14:54:30,65.677,65.686,65.677,65.684
2017-03-14 14:55:00,65.669,65.672,65.651,65.669
2017-03-14 14:55:30,65.672,65.672,65.661,65.663
2017-03-14 14:56:00,65.704,65.704,65.661,65.661
2017-03-14 14:56:30,65.686,65.698,65.686,65.694
2017-03-14 14:57:00,65.719,65.719,65.698,65.698
2017-03-14 14:57:30,65.718,65.718,65.71,65.712
2017-03-14 14:58:00,65.71,65.729,65.71,65.726
2017-03-14 14:58:30,65.703,65.706,65.696,65.706
2017-03-14 14:59:00,65.708,65.708,65.699,65.702
2017-03-14 14:59:30,65.73,65.73,65.72,65.72
2017-03-14 15:00:00,65.764,65.764,65.725,65.725
2017-03-14 15:00:30,65.752,65.766,65.748,65.766
2017-03-14 15:01:00,65.701,65.74,65.701,65.74
2017-03-14 15:01:30,65.725,65.725,65.71,65.71
2017-03-14 15:02:00,65.72,65.733,65.72,65.733
2017-03-14 15:02:30,65.734,65.734,65.717,65.725
2017-03-14 15:03:00,65.717,65.73,65.717,65.724
2017-03-14 15:03:30,65.764,65.764,65.73,65.73
2017-03-14 15:04:00,65.777,65.777,65.766,65.766
2017-03-14 15:04:30,65.772,65.772,65.766,65.77
2017-03-14 15:05:00,65.777,65.777,65.766,65.771
2017-03-14 15:05:30,65.796,65.803,65.787,65.787
2017-03-14 15:06:00,65.782,65.803,65.782,65.803
2017-03-14 15:06:30,65.765,65.777,65.763,65.777
2017-03-14 15:07:00,65.745,65.756,65.74,65.755
2017-03-14 15:07:30,65.774,65.774,65.747,65.758
2017-03-14 15:08:00,65.755,65.772,65.746,65.772
2017-03-14 15:08:30,65.768,65.768,65.753,65.757
2017-03-14 15:09:00,65.766,65.766,65.759,65.759
2017-03-14 15:09:30,65.793,65.793,65.774,65.774
2017-03-14 15:10:00,65.79,65.802,65.79,65.796
2017-03-14 15:10:30,65.806,65.806,65.778,65.778
2017-03-14 15:11:00,65.827,65.832,65.809,65.817
2017-03-14 15:11:30,65.824,65.824,65.81,65.817
2017-03-14 15:12:00,65.81,65.833,65.81,65.833
2017-03-14 15:12:30,65.806,65.813,65.8,65.805
2017-03-14 15:13:00,65.794,65.794,65.786,65.793
2017-03-14 15:13:30,65.784,65.791,65.774,65.782
2017-03-14 15:14:00,65.762,65.772,65.761,65.772
2017-03-14 15:14:30,65.751,65.761,65.748,65.761
2017-03-14 15:15:00,65.738,65.752,65.738,65.745
2017-03-14 15:15:30,65.742,65.753,65.74,65.741
2017-03-14 15:16:00,65.741,65.75,65.74,65.75
2017-03-14 15:16:30,65.716,65.746,65.716,65.746
2017-03-14 15:17:00,65.715,65.731,65.715,65.718
2017-03-14 15:17:30,65.728,65.728,65.723,65.723
2017-03-14 15:18:00,65.745,65.745,65.733,65.733
2017-03-14 15:18:30,65.727,65.733,65.718,65.733
2017-03-14 15:19:00,65.691,65.717,65.691,65.717
2017-03-14 15:19:30,65.684,65.692,65.669,65.692
2017-03-14 15:20:00,65.65,65.682,65.64,65.682
2017-03-14 15:20:30,65.687,65.687,65.642,65.642
2017-03-14 15:21:00,65.684,65.699,65.684,65.691
2017-03-14 15:21:30,65.691,65.695,65.683,65.695
2017-03-14 15:22:00,65.686,65.694,65.681,65.682
2017-03-14 15:22:30,65.675,65.678,65.658,65.678
2017-03-14 15:23:00,65.666,65.675,65.643,65.675
2017-03-14 15:23:30,65.655,65.667,65.648,65.648
2017-03-14 15:24:00,65.672,65.672,65.66,65.669
2017-03-14 15:24:30,65.647,65.67,65.643,65.67
2017-03-14 15:25:00,65.67,65.682,65.651,65.651
2017-03-14 15:25:30,65.681,65.681,65.653,65.672
2017-03-14 15:26:00,65.653,65.672,65.653,65.672
2017-03-14 15:26:30,65.631,65.662,65.628,65.662
2017-03-14 15:27:00,65.575,65.617,65.575,65.617
2017-03-14 15:27:30,65.52,65.56,65.52,65.56
2017-03-14 15:28:00,65.541,65.543,65.524,65.524
2017-03-14 15:28:30,65.526,65.563,65.526,65.563
2017-03-14 15:29:00,65.511,65.536,65.508,65.536
2017-03-14 15:29:30,65.538,65.538,65.497,65.512
2017-03-14 15:30:00,65.493,65.534,65.493,65.532
2017-03-14 15:30:30,65.511,65.534,65.503,65.503
2017-03-14 15:31:00,65.484,65.52,65.479,65.511
2017-03-14 15:31:30,65.47,65.481,65.47,65.471
2017-03-14 15:32:00,65.505,65.507,65.482,65.492
2017-03-14 15:32:30,65.462,65.498,65.462,65.492
2017-03-14 15:33:00,65.449,65.462,65.441,65.441
2017-03-14 15:33:30,65.458,65.468,65.443,65.443
2017-03-14 15:34:00,65.465,65.465,65.435,65.447
2017-03-14 15:34:30,65.453,65.464,65.451,65.459
2017-03-14 15:35:00,65.501,65.503,65.468,65.468
2017-03-14 15:35:30,65.527,65.534,65.499,65.499
2017-03-14 15:36:00,65.493,65.532,65.493,65.532
2017-03-14 15:36:30,65.507,65.527,65.5,65.511
2017-03-14 15:37:00,65.51,65.51,65.498,65.498
2017-03-14 15:37:30,65.531,65.531,65.492,65.492
2017-03-14 15:38:00,65.513,65.522,65.5,65.522
2017-03-14 15:38:30,65.545,65.545,65.514,65.514
2017-03-14 15:39:00,65.52,65.535,65.497,65.535
2017-03-14 15:39:30,65.539,65.539,65.498,65.527
2017-03-14 15:40:00,65.528,65.535,65.51,65.532
2017-03-14 15:40:30,65.566,65.568,65.55,65.55
2017-03-14 15:41:00,65.604,65.604,65.551,65.573
2017-03-14 15:41:30,65.546,65.605,65.546,65.605
2017-03-14 15:42:00,65.585,65.588,65.555,65.555
2017-03-14 15:42:30,65.587,65.607,65.577,65.577
2017-03-14 15:43:00,65.553,65.575,65.544,65.57
2017-03-14 15:43:30,65.515,65.555,65.515,65.555
2017-03-14 15:44:00,65.547,65.547,65.504,65.504
2017-03-14 15:44:30,65.531,65.532,65.512,65.532
2017-03-14 15:45:00,65.566,65.581,65.546,65.546
2017-03-14 15:45:30,65.584,65.584,65.566,65.581
2017-03-14 15:46:00,65.573,65.594,65.554,65.594
2017-03-14 15:46:30,65.591,65.591,65.583,65.587
2017-03-14 15:47:00,65.552,65.601,65.552,65.601
2017-03-14 15:47:30,65.54,65.55,65.529,65.55
2017-03-14 15:48:00,65.569,65.569,65.538,65.554
2017-03-14 15:48:30,65.539,65.574,65.539,65.574
2017-03-14 15:49:00,65.574,65.574,65.53,65.53
2017-03-14 15:49:30,65.561,65.591,65.552,65.584
2017-03-14 15:50:00,65.541,65.547,65.522,65.547
2017-03-14 15:50:30,65.506,65.56,65.506,65.56
2017-03-14 15:51:00,65.489,65.497,65.486,65.486
2017-03-14 15:51:30,65.526,65.527,65.482,65.482
2017-03-14 15:52:00,65.497,65.52,65.497,65.52
2017-03-14 15:52:30,65.557,65.557,65.515,65.515
2017-03-14 15:53:00,65.546,65.552,65.536,65.543
2017-03-14 15:53:30,65.578,65.578,65.557,65.567
2017-03-14 15:54:00,65.596,65.601,65.579,65.599
2017-03-14 15:54:30,65.609,65.615,65.581,65.615
2017-03-14 15:55:00,65.636,65.636,65.592,65.592
2017-03-14 15:55:30,65.628,65.637,65.626,65.631
2017-03-14 15:56:00,65.652,65.652,65.608,65.608
2017-03-14 15:56:30,65.675,65.679,65.665,65.671
2017-03-14 15:57:00,65.677,65.687,65.675,65.675
2017-03-14 15:57:30,65.67,65.67,65.644,65.669
2017-03-14 15:58:00,65.647,65.681,65.647,65.681
2017-03-14 15:58:30,65.625,65.668,65.625,65.668
2017-03-14 15:59:00,65.642,65.654,65.612,65.612
2017-03-14 15:59:30,65.661,65.679,65.654,65.654
2017-03-14 16:00:00,65.67,65.67,65.67,65.67
